{"cameraMode":{"drawMode":0,"name":"Shaded","section":"Shading Mode"},"sceneLighting":true,"audioPlay":false,"sceneViewState":{"m_AlwaysRefresh":true,"showFog":true,"showSkybox":true,"showFlares":true,"showImageEffects":true,"showParticleSystems":true,"showVisualEffectGraphs":true,"m_FxEnabled":true},"in2DMode":false,"pivot":{"x":0.7110617160797119,"y":1.9306883811950684,"z":6.243844985961914},"rotation":{"x":0.048569802194833758,"y":0.7224958539009094,"z":-0.05102106183767319,"w":0.6878317594528198},"size":0.8720095753669739,"orthographic":false}