{"cameraMode":{"drawMode":0,"name":"Shaded","section":"Shading Mode"},"sceneLighting":true,"audioPlay":false,"sceneViewState":{"m_AlwaysRefresh":true,"showFog":true,"showSkybox":true,"showFlares":true,"showImageEffects":true,"showParticleSystems":true,"showVisualEffectGraphs":true,"m_FxEnabled":true},"in2DMode":false,"pivot":{"x":-4.025149345397949,"y":1.831526756286621,"z":2.1890177726745607},"rotation":{"x":-0.0018140914617106319,"y":-0.983246922492981,"z":0.17923298478126527,"w":-0.010704083368182183},"size":0.8660253882408142,"orthographic":false}