{"cameraMode":{"drawMode":0,"name":"Shaded","section":"Shading Mode"},"sceneLighting":true,"audioPlay":false,"sceneViewState":{"m_AlwaysRefresh":true,"showFog":true,"showSkybox":true,"showFlares":true,"showImageEffects":true,"showParticleSystems":true,"showVisualEffectGraphs":true,"m_FxEnabled":true},"in2DMode":false,"pivot":{"x":11.355067253112793,"y":4.029880046844482,"z":14.589149475097657},"rotation":{"x":0.028474772348999978,"y":-0.9697411060333252,"z":0.1990964412689209,"w":0.1385282278060913},"size":0.1952713280916214,"orthographic":false}