{"cameraMode":{"drawMode":0,"name":"Shaded","section":"Shading Mode"},"sceneLighting":true,"audioPlay":false,"sceneViewState":{"m_AlwaysRefresh":true,"showFog":true,"showSkybox":true,"showFlares":true,"showImageEffects":true,"showParticleSystems":true,"showVisualEffectGraphs":true,"m_FxEnabled":true},"in2DMode":false,"pivot":{"x":3.012535572052002,"y":2.121955156326294,"z":7.6620049476623539},"rotation":{"x":-0.004912905395030975,"y":-0.9929655194282532,"z":0.10765401273965836,"w":-0.044452834874391559},"size":5.277588844299316,"orthographic":false}