{"cameraMode":{"drawMode":0,"name":"Shaded","section":"Shading Mode"},"sceneLighting":true,"audioPlay":false,"sceneViewState":{"m_AlwaysRefresh":true,"showFog":true,"showSkybox":true,"showFlares":true,"showImageEffects":true,"showParticleSystems":true,"showVisualEffectGraphs":true,"m_FxEnabled":true},"in2DMode":false,"pivot":{"x":2.9319496154785158,"y":9.293272018432618,"z":9.771939277648926},"rotation":{"x":0.00018282442761119455,"y":0.9861836433410645,"z":-0.16452495753765107,"w":0.0009150928817689419},"size":0.4235110878944397,"orthographic":false}