{"cameraMode":{"drawMode":0,"name":"Shaded","section":"Shading Mode"},"sceneLighting":true,"audioPlay":false,"sceneViewState":{"m_AlwaysRefresh":true,"showFog":true,"showSkybox":true,"showFlares":true,"showImageEffects":true,"showParticleSystems":true,"showVisualEffectGraphs":true,"m_FxEnabled":true},"in2DMode":false,"pivot":{"x":17.4554386138916,"y":-11.529223442077637,"z":-38.90852737426758},"rotation":{"x":-0.021334581077098848,"y":-0.9777969121932983,"z":0.16431525349617005,"w":-0.12657563388347627},"size":22.013097763061525,"orthographic":false}