{"cameraMode":{"drawMode":0,"name":"Shaded","section":"Shading Mode"},"sceneLighting":true,"audioPlay":false,"sceneViewState":{"m_AlwaysRefresh":true,"showFog":true,"showSkybox":true,"showFlares":true,"showImageEffects":true,"showParticleSystems":true,"showVisualEffectGraphs":true,"m_FxEnabled":true},"in2DMode":false,"pivot":{"x":26.447345733642579,"y":-6.182992935180664,"z":5.880959987640381},"rotation":{"x":0.13307195901870728,"y":0.49901846051216128,"z":-0.07786586135625839,"w":0.8526703715324402},"size":16.23801040649414,"orthographic":false}