{"cameraMode":{"drawMode":0,"name":"Shaded","section":"Shading Mode"},"sceneLighting":true,"audioPlay":false,"sceneViewState":{"m_AlwaysRefresh":true,"showFog":true,"showSkybox":true,"showFlares":true,"showImageEffects":true,"showParticleSystems":true,"showVisualEffectGraphs":true,"m_FxEnabled":true},"in2DMode":false,"pivot":{"x":1.9098925590515137,"y":3.4984171390533449,"z":10.514012336730957},"rotation":{"x":0.10434048622846604,"y":0.8002594113349915,"z":-0.1457996964454651,"w":0.5718116164207459},"size":0.4235110878944397,"orthographic":false}