{"cameraMode":{"drawMode":0,"name":"Shaded","section":"Shading Mode"},"sceneLighting":true,"audioPlay":false,"sceneViewState":{"m_AlwaysRefresh":true,"showFog":true,"showSkybox":true,"showFlares":true,"showImageEffects":true,"showParticleSystems":true,"showVisualEffectGraphs":true,"m_FxEnabled":true},"in2DMode":false,"pivot":{"x":14.007834434509278,"y":-3.3114562034606935,"z":-42.342803955078128},"rotation":{"x":-0.004294883459806442,"y":-0.9953434467315674,"z":0.056797903031110767,"w":-0.07603007555007935},"size":21.19365692138672,"orthographic":false}