{"cameraMode":{"drawMode":0,"name":"Shaded","section":"Shading Mode"},"sceneLighting":true,"audioPlay":false,"sceneViewState":{"m_AlwaysRefresh":true,"showFog":true,"showSkybox":true,"showFlares":true,"showImageEffects":true,"showParticleSystems":true,"showVisualEffectGraphs":true,"m_FxEnabled":true},"in2DMode":false,"pivot":{"x":10.217915534973145,"y":-0.1648101806640625,"z":9.360147476196289},"rotation":{"x":-0.03856000304222107,"y":-0.9598355889320374,"z":0.22118303179740907,"w":-0.16696587204933167},"size":2.7270379066467287,"orthographic":false}