{"cameraMode":{"drawMode":0,"name":"Shaded","section":"Shading Mode"},"sceneLighting":true,"audioPlay":false,"sceneViewState":{"m_AlwaysRefresh":true,"showFog":true,"showSkybox":true,"showFlares":true,"showImageEffects":true,"showParticleSystems":true,"showVisualEffectGraphs":true,"m_FxEnabled":true},"in2DMode":false,"pivot":{"x":6.420417308807373,"y":2.033480644226074,"z":0.3822481632232666},"rotation":{"x":-0.000877062906511128,"y":-0.9893491864204407,"z":0.14225547015666963,"w":-0.007810879498720169},"size":0.8660253882408142,"orthographic":false}