{"cameraMode":{"drawMode":0,"name":"Shaded","section":"Shading Mode"},"sceneLighting":true,"audioPlay":false,"sceneViewState":{"m_AlwaysRefresh":true,"showFog":true,"showSkybox":true,"showFlares":true,"showImageEffects":true,"showParticleSystems":true,"showVisualEffectGraphs":true,"m_FxEnabled":true},"in2DMode":false,"pivot":{"x":-19.79900550842285,"y":-1.0164196491241456,"z":-32.018760681152347},"rotation":{"x":0.010194233618676663,"y":-0.9341604113578796,"z":0.026923807337880136,"w":0.3544400930404663},"size":20.9676570892334,"orthographic":false}