{"cameraMode":{"drawMode":0,"name":"Shaded","section":"Shading Mode"},"sceneLighting":true,"audioPlay":false,"sceneViewState":{"m_AlwaysRefresh":true,"showFog":true,"showSkybox":true,"showFlares":true,"showImageEffects":true,"showParticleSystems":true,"showVisualEffectGraphs":true,"m_FxEnabled":true},"in2DMode":false,"pivot":{"x":-0.4732152223587036,"y":3.546947956085205,"z":14.351462364196778},"rotation":{"x":-0.0009718200890347362,"y":-0.9948527216911316,"z":0.09460847079753876,"w":-0.01533723995089531},"size":0.2950116991996765,"orthographic":false}